{
  "$schema": "./node_modules/@angular/cli/lib/config/schema.json",
  "project": {
    "name": "myapp"
  },
  "apps": [
    {
      "name" : "dist",
      "root": "src",
      "outDir": "dist",
      "assets": [
        "assets",
        "favicon-96x96.png",
        "app.config.json",
        "versions.json",
        {
          "glob": "**/*",
          "input": "../resources",
          "output": "./resources"
        },
        {
          "glob": "**/*",
          "input": "../node_modules/@alfresco/adf-core/prebuilt-themes",
          "output": "./assets/prebuilt-themes"
        },
        {
          "glob": "**/*",
          "input": "../node_modules/@alfresco/adf-core/bundles/assets",
          "output": "./assets/"
        },
        {
          "glob": "**/*",
          "input": "../node_modules/@alfresco/adf-insights/bundles/assets",
          "output": "./assets/"
        },
        {
          "glob": "**/*",
          "input": "../node_modules/@alfresco/adf-process-services/bundles/assets",
          "output": "./assets/"
        },
        {
          "glob": "**/*",
          "input": "../node_modules/@alfresco/adf-content-services/bundles/assets",
          "output": "./assets/"
        },
        { "glob": "pdf.worker.js", "input": "../node_modules/pdfjs-dist/build", "output": "./" }
      ],
      "index": "index.html",
      "main": "main.ts",
      "polyfills": "polyfills.ts",
      "test": "test.ts",
      "tsconfig": "tsconfig.app.json",
      "testTsconfig": "tsconfig.spec.json",
      "prefix": "app",
      "styles": [
        "styles.scss"
      ],
      "stylePreprocessorOptions": {
        "includePaths": [
          "../node_modules/"
        ]
      },
      "scripts": [
        "../node_modules/pdfjs-dist/build/pdf.js",
        "../node_modules/pdfjs-dist/web/pdf_viewer.js",
        "../node_modules/raphael/raphael.min.js",
        "../node_modules/moment/min/moment.min.js"
      ],
      "environmentSource": "environments/environment.ts",
      "environments": {
        "dev": "environments/environment.ts",
        "prod": "environments/environment.prod.ts"
      }
    },
    {
      "name" :"dev",
      "root": "src",
      "outDir": "dist",
      "assets": [
        "assets",
        "app.config.json",
        "versions.json",
        {
            "glob": "**/*",
            "input": "../resources",
            "output": "./resources"
        },
        {
            "glob": "**/*",
            "input": "../dist-dev-temp/",
            "output": "./"
        },
        {
            "glob": "pdf.worker.js",
            "input": "../node_modules/pdfjs-dist/build",
            "output": "./"
        }
    ],
      "index": "index.html",
      "main": "main.ts",
      "polyfills": "polyfills.ts",
      "test": "test.ts",
      "tsconfig": "tsconfig.dev.json",
      "testTsconfig": "tsconfig.spec.json",
      "prefix": "app-dev",
      "styles": [
        "styles.scss"
      ],
      "stylePreprocessorOptions": {
      "includePaths": [
        "../../lib/"
      ]
      },
      "scripts": [
        "../node_modules/pdfjs-dist/build/pdf.js",
        "../node_modules/pdfjs-dist/web/pdf_viewer.js",
        "../node_modules/raphael/raphael.min.js",
        "../node_modules/moment/min/moment.min.js"
      ],
      "environmentSource": "environments/environment.ts",
      "environments": {
        "dev": "environments/environment.ts",
        "prod": "environments/environment.prod.ts"
      }
    }
  ],
  "e2e": {
    "protractor": {
      "config": "./protractor.conf.js"
    }
  },
  "lint": [
    {
      "project": "tsconfig.json",
      "exclude": ["**/node_modules/**/*", "**/src/polyfills.ts"]
    }
  ],
  "test": {
    "karma": {
      "config": "./karma.conf.js"
    }
  },
  "defaults": {
    "styleExt": "scss",
    "component": {
    },
    "serve": {
      "port": 4500
    }
  }
}
