<?xml version='1.0' encoding='UTF-8'?>
<definitions xmlns="http://www.omg.org/spec/BPMN/20100524/MODEL" xmlns:xsi="http://www.w3.org/2001/XMLSchema-instance" xmlns:xsd="http://www.w3.org/2001/XMLSchema" xmlns:activiti="http://activiti.org/bpmn" xmlns:bpmndi="http://www.omg.org/spec/BPMN/20100524/DI" xmlns:omgdc="http://www.omg.org/spec/DD/20100524/DC" xmlns:omgdi="http://www.omg.org/spec/DD/20100524/DI" typeLanguage="http://www.w3.org/2001/XMLSchema" expressionLanguage="http://www.w3.org/1999/XPath" targetNamespace="http://www.activiti.org/processdef" xmlns:modeler="http://activiti.com/modeler" modeler:version="1.0en" modeler:exportDateTime="20190910212541833" modeler:modelId="3015" modeler:modelVersion="4" modeler:modelLastUpdated="1568150718997">
  <process id="DBPDemoProcess" name="DBP Demo Process" isExecutable="true">
    <extensionElements>
      <modeler:executionvariables xmlns:modeler="http://activiti.com/modeler" modeler:variableName="caseId" modeler:variableType="string"/>
      <modeler:executionvariables xmlns:modeler="http://activiti.com/modeler" modeler:variableName="caseFolderId" modeler:variableType="string"/>
    </extensionElements>
    <startEvent id="startEvent1" name="Start Process">
      <extensionElements>
        <modeler:editor-resource-id><![CDATA[startEvent1]]></modeler:editor-resource-id>
      </extensionElements>
    </startEvent>
    <sequenceFlow id="sid-85A69909-D1AE-4D8E-9E5A-71BE2F6B0A64" sourceRef="startEvent1" targetRef="sid-65DC0735-201D-40BE-9C39-49BE0F281E9E">
      <extensionElements>
        <modeler:editor-resource-id><![CDATA[sid-85A69909-D1AE-4D8E-9E5A-71BE2F6B0A64]]></modeler:editor-resource-id>
      </extensionElements>
    </sequenceFlow>
    <scriptTask id="sid-65DC0735-201D-40BE-9C39-49BE0F281E9E" name="Get Case ID" scriptFormat="groovy" activiti:autoStoreVariables="false">
      <extensionElements>
        <modeler:editor-resource-id><![CDATA[sid-65DC0735-201D-40BE-9C39-49BE0F281E9E]]></modeler:editor-resource-id>
      </extensionElements>
      <script><![CDATA[def caseId = "CASE-"+execution.getProcessInstanceId();
execution.setVariable("caseId", caseId);]]></script>
    </scriptTask>
    <sequenceFlow id="sid-9B92F73D-A636-4E61-987A-B16C46100282" sourceRef="sid-65DC0735-201D-40BE-9C39-49BE0F281E9E" targetRef="sid-CDF2C79D-5FB9-4E28-AD84-4B8B565230C4">
      <extensionElements>
        <modeler:editor-resource-id><![CDATA[sid-9B92F73D-A636-4E61-987A-B16C46100282]]></modeler:editor-resource-id>
      </extensionElements>
    </sequenceFlow>
    <endEvent id="sid-A7A49FDF-60AA-470D-A0AF-599D93B5A9D4" name="End Process">
      <extensionElements>
        <modeler:editor-resource-id><![CDATA[sid-A7A49FDF-60AA-470D-A0AF-599D93B5A9D4]]></modeler:editor-resource-id>
      </extensionElements>
    </endEvent>
    <userTask id="sid-CDF2C79D-5FB9-4E28-AD84-4B8B565230C4" name="Request Task Details" activiti:assignee="$INITIATOR" activiti:formKey="3017">
      <extensionElements>
        <modeler:allow-send-email><![CDATA[true]]></modeler:allow-send-email>
        <modeler:form-reference-id><![CDATA[3017]]></modeler:form-reference-id>
        <modeler:form-reference-name><![CDATA[Task Details]]></modeler:form-reference-name>
        <modeler:activiti-idm-initiator><![CDATA[true]]></modeler:activiti-idm-initiator>
        <modeler:editor-resource-id><![CDATA[sid-CDF2C79D-5FB9-4E28-AD84-4B8B565230C4]]></modeler:editor-resource-id>
      </extensionElements>
    </userTask>
    <userTask id="sid-B23B7157-AF2C-4309-94BA-045A8D05FAD1" name="Review Process" activiti:assignee="$INITIATOR" activiti:formKey="3018">
      <extensionElements>
        <modeler:allow-send-email><![CDATA[true]]></modeler:allow-send-email>
        <modeler:form-reference-id><![CDATA[3018]]></modeler:form-reference-id>
        <modeler:form-reference-name><![CDATA[Review Process Form]]></modeler:form-reference-name>
        <modeler:activiti-idm-initiator><![CDATA[true]]></modeler:activiti-idm-initiator>
        <modeler:editor-resource-id><![CDATA[sid-B23B7157-AF2C-4309-94BA-045A8D05FAD1]]></modeler:editor-resource-id>
      </extensionElements>
    </userTask>
    <sequenceFlow id="sid-F8CCD218-1B50-4E33-94BE-9F630D5AF563" sourceRef="sid-CDF2C79D-5FB9-4E28-AD84-4B8B565230C4" targetRef="sid-B23B7157-AF2C-4309-94BA-045A8D05FAD1">
      <extensionElements>
        <modeler:editor-resource-id><![CDATA[sid-F8CCD218-1B50-4E33-94BE-9F630D5AF563]]></modeler:editor-resource-id>
      </extensionElements>
    </sequenceFlow>
    <sequenceFlow id="sid-A8C21248-EDA1-4074-A451-52D498698365" sourceRef="sid-B23B7157-AF2C-4309-94BA-045A8D05FAD1" targetRef="sid-A7A49FDF-60AA-470D-A0AF-599D93B5A9D4">
      <extensionElements>
        <modeler:editor-resource-id><![CDATA[sid-A8C21248-EDA1-4074-A451-52D498698365]]></modeler:editor-resource-id>
      </extensionElements>
    </sequenceFlow>
  </process>
  <bpmndi:BPMNDiagram id="BPMNDiagram_DBPDemoProcess">
    <bpmndi:BPMNPlane bpmnElement="DBPDemoProcess" id="BPMNPlane_DBPDemoProcess">
      <bpmndi:BPMNShape bpmnElement="startEvent1" id="BPMNShape_startEvent1">
        <omgdc:Bounds height="30.0" width="30.0" x="100.0" y="163.0"/>
      </bpmndi:BPMNShape>
      <bpmndi:BPMNShape bpmnElement="sid-65DC0735-201D-40BE-9C39-49BE0F281E9E" id="BPMNShape_sid-65DC0735-201D-40BE-9C39-49BE0F281E9E">
        <omgdc:Bounds height="80.0" width="100.0" x="175.0" y="138.0"/>
      </bpmndi:BPMNShape>
      <bpmndi:BPMNShape bpmnElement="sid-A7A49FDF-60AA-470D-A0AF-599D93B5A9D4" id="BPMNShape_sid-A7A49FDF-60AA-470D-A0AF-599D93B5A9D4">
        <omgdc:Bounds height="28.0" width="28.0" x="705.0" y="161.0"/>
      </bpmndi:BPMNShape>
      <bpmndi:BPMNShape bpmnElement="sid-CDF2C79D-5FB9-4E28-AD84-4B8B565230C4" id="BPMNShape_sid-CDF2C79D-5FB9-4E28-AD84-4B8B565230C4">
        <omgdc:Bounds height="80.0" width="100.0" x="330.0" y="135.0"/>
      </bpmndi:BPMNShape>
      <bpmndi:BPMNShape bpmnElement="sid-B23B7157-AF2C-4309-94BA-045A8D05FAD1" id="BPMNShape_sid-B23B7157-AF2C-4309-94BA-045A8D05FAD1">
        <omgdc:Bounds height="80.0" width="100.0" x="505.0" y="135.0"/>
      </bpmndi:BPMNShape>
      <bpmndi:BPMNEdge bpmnElement="sid-9B92F73D-A636-4E61-987A-B16C46100282" id="BPMNEdge_sid-9B92F73D-A636-4E61-987A-B16C46100282">
        <omgdi:waypoint x="275.0" y="177.03225806451613"/>
        <omgdi:waypoint x="330.0" y="175.96774193548387"/>
      </bpmndi:BPMNEdge>
      <bpmndi:BPMNEdge bpmnElement="sid-A8C21248-EDA1-4074-A451-52D498698365" id="BPMNEdge_sid-A8C21248-EDA1-4074-A451-52D498698365">
        <omgdi:waypoint x="605.0" y="175.0"/>
        <omgdi:waypoint x="705.0" y="175.0"/>
      </bpmndi:BPMNEdge>
      <bpmndi:BPMNEdge bpmnElement="sid-85A69909-D1AE-4D8E-9E5A-71BE2F6B0A64" id="BPMNEdge_sid-85A69909-D1AE-4D8E-9E5A-71BE2F6B0A64">
        <omgdi:waypoint x="130.0" y="178.0"/>
        <omgdi:waypoint x="175.0" y="178.0"/>
      </bpmndi:BPMNEdge>
      <bpmndi:BPMNEdge bpmnElement="sid-F8CCD218-1B50-4E33-94BE-9F630D5AF563" id="BPMNEdge_sid-F8CCD218-1B50-4E33-94BE-9F630D5AF563">
        <omgdi:waypoint x="430.0" y="175.0"/>
        <omgdi:waypoint x="505.0" y="175.0"/>
      </bpmndi:BPMNEdge>
    </bpmndi:BPMNPlane>
  </bpmndi:BPMNDiagram>
</definitions>