{"resourceId":3015,"properties":{"process_id":"DBPDemoProcess","name":"DBP Demo Process","documentation":"","process_author":"","process_version":"","process_namespace":"http://www.activiti.org/processdef","executionlisteners":"","eventlisteners":"","signaldefinitions":"","messagedefinitions":"","executionvariables":"[{\"variableName\":\"caseId\",\"variableType\":\"string\",\"$$hashKey\":\"uiGrid-0007\"},{\"variableName\":\"caseFolderId\",\"variableType\":\"string\",\"$$hashKey\":\"uiGrid-000F\"}]","metadata":""},"stencil":{"id":"BPMNDiagram"},"childShapes":[{"resourceId":"startEvent1","properties":{"overrideid":"","name":"Start Process","documentation":"","executionlisteners":"","initiator":"","formkeydefinition":"","formreference":"","fieldstovariables":"","formproperties":""},"stencil":{"id":"StartNoneEvent"},"childShapes":[],"outgoing":[{"resourceId":"sid-85A69909-D1AE-4D8E-9E5A-71BE2F6B0A64"}],"bounds":{"lowerRight":{"x":130,"y":193},"upperLeft":{"x":100,"y":163}},"dockers":[]},{"resourceId":"sid-85A69909-D1AE-4D8E-9E5A-71BE2F6B0A64","properties":{"overrideid":"","name":"","documentation":"","conditionsequenceflow":"","executionlisteners":"","defaultflow":"false"},"stencil":{"id":"SequenceFlow"},"childShapes":[],"outgoing":[{"resourceId":"sid-65DC0735-201D-40BE-9C39-49BE0F281E9E"}],"bounds":{"lowerRight":{"x":174.15625,"y":178},"upperLeft":{"x":130.609375,"y":178}},"dockers":[{"x":15,"y":15},{"x":50,"y":40}],"target":{"resourceId":"sid-65DC0735-201D-40BE-9C39-49BE0F281E9E"}},{"resourceId":"sid-65DC0735-201D-40BE-9C39-49BE0F281E9E","properties":{"scriptformat":"groovy","scripttext":"def caseId = \"CASE-\"+execution.getProcessInstanceId();\nexecution.setVariable(\"caseId\", caseId);","executionvariables":"","overrideid":"","name":"Get Case ID","documentation":"","asynchronousdefinition":"false","exclusivedefinition":"false","executionlisteners":"","multiinstance_type":"None","multiinstance_cardinality":"","multiinstance_collection":"","multiinstance_variable":"","multiinstance_condition":"","isforcompensation":"false","type":"http://b3mn.org/stencilset/bpmn2.0#UserTask","usertasksendemail":true,"usertaskassignment":"","formkeydefinition":"","formreference":"","fieldstovariables":"","duedatedefinition":"","prioritydefinition":"","categorydefinition":"","formproperties":"","tasklisteners":"","emailtemplate":""},"stencil":{"id":"ScriptTask"},"childShapes":[],"outgoing":[{"resourceId":"sid-9B92F73D-A636-4E61-987A-B16C46100282"}],"bounds":{"lowerRight":{"x":275,"y":218},"upperLeft":{"x":175,"y":138}},"dockers":[]},{"resourceId":"sid-9B92F73D-A636-4E61-987A-B16C46100282","properties":{"overrideid":"","name":"","documentation":"","conditionsequenceflow":"","executionlisteners":"","defaultflow":"false","showdiamondmarker":false},"stencil":{"id":"SequenceFlow"},"childShapes":[],"outgoing":[{"resourceId":"sid-CDF2C79D-5FB9-4E28-AD84-4B8B565230C4"}],"bounds":{"lowerRight":{"x":329.3517497522825,"y":177.01971128552805},"upperLeft":{"x":275.6482502477175,"y":175.98028871447195}},"dockers":[{"x":50,"y":40},{"x":50,"y":40}],"target":{"resourceId":"sid-CDF2C79D-5FB9-4E28-AD84-4B8B565230C4"}},{"resourceId":"sid-A7A49FDF-60AA-470D-A0AF-599D93B5A9D4","properties":{"overrideid":"","name":"End Process","documentation":"","executionlisteners":""},"stencil":{"id":"EndNoneEvent"},"childShapes":[],"outgoing":[],"bounds":{"lowerRight":{"x":733,"y":189},"upperLeft":{"x":705,"y":161}},"dockers":[]},{"resourceId":"sid-CDF2C79D-5FB9-4E28-AD84-4B8B565230C4","properties":{"overrideid":"","name":"Request Task Details","documentation":"","asynchronousdefinition":"false","exclusivedefinition":"false","executionlisteners":"","multiinstance_type":"None","multiinstance_cardinality":"","multiinstance_collection":"","multiinstance_variable":"","multiinstance_condition":"","isforcompensation":"false","usertasksendemail":true,"usertaskassignment":"","formkeydefinition":"","formreference":{"id":3017,"name":"Task Details","referenceId":3015},"fieldstovariables":"","duedatedefinition":"","prioritydefinition":"","categorydefinition":"","formproperties":"","tasklisteners":"","emailtemplate":""},"stencil":{"id":"UserTask"},"childShapes":[],"outgoing":[{"resourceId":"sid-F8CCD218-1B50-4E33-94BE-9F630D5AF563"}],"bounds":{"lowerRight":{"x":430,"y":215},"upperLeft":{"x":330,"y":135}},"dockers":[]},{"resourceId":"sid-B23B7157-AF2C-4309-94BA-045A8D05FAD1","properties":{"overrideid":"","name":"Review Process","documentation":"","asynchronousdefinition":"false","exclusivedefinition":"false","executionlisteners":"","multiinstance_type":"None","multiinstance_cardinality":"","multiinstance_collection":"","multiinstance_variable":"","multiinstance_condition":"","isforcompensation":"false","usertasksendemail":true,"usertaskassignment":"","formkeydefinition":"","formreference":{"id":3018,"name":"Review Process Form","referenceId":3015},"fieldstovariables":"","duedatedefinition":"","prioritydefinition":"","categorydefinition":"","formproperties":"","tasklisteners":"","emailtemplate":""},"stencil":{"id":"UserTask"},"childShapes":[],"outgoing":[{"resourceId":"sid-A8C21248-EDA1-4074-A451-52D498698365"}],"bounds":{"lowerRight":{"x":605,"y":215},"upperLeft":{"x":505,"y":135}},"dockers":[]},{"resourceId":"sid-F8CCD218-1B50-4E33-94BE-9F630D5AF563","properties":{"overrideid":"","name":"","documentation":"","conditionsequenceflow":"","executionlisteners":"","defaultflow":"false"},"stencil":{"id":"SequenceFlow"},"childShapes":[],"outgoing":[{"resourceId":"sid-B23B7157-AF2C-4309-94BA-045A8D05FAD1"}],"bounds":{"lowerRight":{"x":504.78125,"y":175},"upperLeft":{"x":430.21875,"y":175}},"dockers":[{"x":50,"y":40},{"x":50,"y":40}],"target":{"resourceId":"sid-B23B7157-AF2C-4309-94BA-045A8D05FAD1"}},{"resourceId":"sid-A8C21248-EDA1-4074-A451-52D498698365","properties":{"overrideid":"","name":"","documentation":"","conditionsequenceflow":"","executionlisteners":"","defaultflow":"false"},"stencil":{"id":"SequenceFlow"},"childShapes":[],"outgoing":[{"resourceId":"sid-A7A49FDF-60AA-470D-A0AF-599D93B5A9D4"}],"bounds":{"lowerRight":{"x":704.546875,"y":175},"upperLeft":{"x":605.96875,"y":175}},"dockers":[{"x":50,"y":40},{"x":14,"y":14}],"target":{"resourceId":"sid-A7A49FDF-60AA-470D-A0AF-599D93B5A9D4"}}],"bounds":{"lowerRight":{"x":1200,"y":1050},"upperLeft":{"x":0,"y":0}},"stencilset":{"url":"stencilsets/bpmn2.0/bpmn2.0.json","namespace":"http://b3mn.org/stencilset/bpmn2.0#"},"ssextensions":[]}