{
    "$schema": "../config/schema/schema.json",
    "ecmHost": "http://{hostname}{:port}",
    "bpmHost": "http://{hostname}{:port}",
    "providers": "ALL",
    "authType": "BASIC",
    "oauth2": {
      "host": "http://localhost:30081/auth/realms/myrealm",
      "clientId": "activiti",
      "scope": "openid",
      "secret": "",
      "implicitFlow": true,
      "silentLogin": true,
      "redirectUri": "/#/app",
      "redirectUriLogout": "/logout"
    },
    "application": {
        "name": "DPW Process Portal"
    },

    "pagination": {
        "size": 25,
        "supportedPageSizes": [ 5, 10, 15, 20, 25, 30, 35, 40, 45, 50 ]
    },

    "landing-page": "dashboard/default",
    "path-logo-old": "./assets/alfresco_apps_logo.png",
    "path-logo": "/resources/images/alfresco-spinner-logo.gif",
    "locale":"en",
    "languages": [
        {
            "key": "en",
            "label": "English"
        },
        {
            "key": "fr",
            "label": "French"
        },
        {
            "key": "de",
            "label": "German"
        },
        {
            "key": "it",
            "label": "Italian"
        },
        {
            "key": "es",
            "label": "Spanish"
        },
        {
            "key": "ja",
            "label": "Japanese"
        },
        {
            "key": "nl",
            "label": "Dutch"
        },
        {
            "key": "pt-BR",
            "label": "Brazilian Portuguese"
        },
        {
            "key": "nb",
            "label": "Norwegian"
        },
        {
            "key": "ru",
            "label": "Russian"
        },
        {
            "key": "zh-CN",
            "label": "Simplified Chinese"
        }
    ],
    "sidebarBreakpoints": [
        {
            "breakpoints": [
                "xs",
                "sm"
            ],
            "mode": "over",
            "position": "start",
            "showMini": false,
            "isHeaderInside": false
        },
        {
            "breakpoints": [
                "md",
                "lg",
                "xl"
            ],
            "mode": "side",
            "position": "start",
            "showMini": true,
            "isHeaderInside": true
        }
    ],
    "adf-start-process": {
        "name": "",
        "processDefinitionName": "ARB Process"
    },
    "adf-task-list": {
        "presets": {
            "dw-task-list": [
                {
                    "key": "name",
                    "type": "text",
                    "title": "ADF_TASK_LIST.PROPERTIES.NAME",
                    "cssClass": "adf-data-table-cell--ellipsis adf-data-table-cell--ellipsis__name",
                    "sortable": true
                },
                {
                    "key": "id",
                    "type": "text",
                    "title": "Task Id",
                    "sortable": true
                },
                {
                    "key": "created",
                    "type": "date",
                    "title": "ADF_TASK_LIST.PROPERTIES.CREATED",
                    "format": "timeAgo",
                    "sortable": true
                },
                {
                    "key": "dueDate",
                    "type": "date",
                    "title": "Due Date",
                    "format": "timeAgo",
                    "sortable": true
                },
                {
                    "key": "created",
                    "type": "date",
                    "title": "ADF_TASK_LIST.PROPERTIES.CREATED",
                    "format": "timeAgo",
                    "sortable": true
                },
                {
                    "key": "priority",
                    "type": "text",
                    "title": "ADF_TASK_LIST.PROPERTIES.PRIORITY",
                    "cssClass": "desktop-only",
                    "sortable": true
                }
            ],
            "dw-process-task-list": [
                {
                    "key": "name",
                    "type": "text",
                    "title": "ADF_TASK_LIST.PROPERTIES.TASK_NAME",
                    "cssClass": "adf-data-table-cell--ellipsis adf-data-table-cell--ellipsis__name",
                    "sortable": true
                },
                {
                    "key": "dueDate",
                    "type": "date",
                    "title": "ADF_TASK_LIST.PROPERTIES.DUE_DATE",
                    "cssClass": "desktop-only",
                    "format": "timeAgo",
                    "sortable": true
                },
                {
                    "key": "processDefinitionName",
                    "type": "text",
                    "title": "ADF_PROCESS_LIST.PROPERTIES.PROCESS_NAME",
                    "cssClass": "desktop-only",
                    "sortable": true
                }
            ]
        }
    },
    "adf-process-list": {
        "presets": {
            "running": [
                {
                    "key": "name",
                    "type": "text",
                    "title": "ADF_PROCESS_LIST.PROPERTIES.NAME",
                    "cssClass": "adf-data-table-cell--ellipsis adf-data-table-cell--ellipsis__name",
                    "sortable": true
                },
                {
                    "key": "started",
                    "type": "date",
                    "title": "ADF_PROCESS_LIST.PROPERTIES.CREATED",
                    "format": "timeAgo",
                    "sortable": true
                },
                {
                    "key": "processDefinitionCategory",
                    "type": "text",
                    "title": "ADF_PROCESS_LIST.PROPERTIES.CATEGORY",
                    "cssClass": "desktop-only hidden",
                    "sortable": true
                }
            ],
            "completed": [
                {
                    "key": "name",
                    "type": "text",
                    "title": "ADF_PROCESS_LIST.PROPERTIES.NAME",
                    "cssClass": "adf-data-table-cell--ellipsis adf-data-table-cell--ellipsis__name",
                    "sortable": true
                },
                {
                    "key": "started",
                    "type": "date",
                    "title": "ADF_PROCESS_LIST.PROPERTIES.CREATED",
                    "format": "timeAgo",
                    "sortable": true
                },
                {
                    "key": "ended",
                    "type": "date",
                    "title": "ADF_PROCESS_LIST.PROPERTIES.END_DATE",
                    "cssClass": "desktop-only",
                    "sortable": true
                }
            ]
        }
    },
    "adf-login": {
        "copyrightText" : "\u00A9 2018 Alfresco Software, Inc. All Rights Reserved."
    },
    "show-kibana-analytics":false,
    "kibana-analytics": [
        {
            "id":"1",
            "title":"Process Instances",
            "url":"http://ec2-34-205-4-132.compute-1.amazonaws.com:5601/app/kibana#/dashboard/8eb13e80-2be0-11e9-be9f-0face660037e?embed=true&_g=(refreshInterval%3A(display%3AOff%2Cpause%3A!f%2Cvalue%3A0)%2Ctime%3A(from%3Anow-5y%2Cmode%3Aquick%2Cto%3Anow))"
        },
        {
            "id":"2",
            "title":"Task Instances",
            "url":"http://ec2-34-205-4-132.compute-1.amazonaws.com:5601/app/kibana#/dashboard/ed27b8b0-2aa3-11e9-be9f-0face660037e?embed=true&_g=(refreshInterval%3A(display%3AOff%2Cpause%3A!f%2Cvalue%3A0)%2Ctime%3A(from%3Anow-5y%2Cmode%3Aquick%2Cto%3Anow))"
        },
        {
            "id":"3",
            "title":"Tracker",
            "url":"http://ec2-34-205-4-132.compute-1.amazonaws.com:5601/app/kibana#/dashboard/0d6a2580-2efb-11e9-b06e-6b7d3eeacd9f?embed=true&_g=(refreshInterval%3A(display%3AOff%2Cpause%3A!f%2Cvalue%3A0)%2Ctime%3A(from%3Anow-5y%2Cmode%3Aquick%2Cto%3Anow))"
        }
    ],
    "aps-rest-url":"http://{hostname}/activiti-app/api/enterprise/process-instances/query",
    "aps-task-details-url":"http://ec2-3-92-169-228.compute-1.amazonaws.com/activiti-app/api/enterprise/tasks/",
    
    "acs-wellsfargo-site-node-id":"b3060144-199a-438d-a01e-79fdd72c5547",
    "irtAppId":"2003",
    "caseRootNodeId":"b3060144-199a-438d-a01e-79fdd72c5547",
    "caseFolderTemplateId":"bdeee140-9ec3-4e49-9b11-edf667c72d83"
}