{
    "$schema": "../config/schema/schema.json",
    "ecmHost": "http://{hostname}:8080",
    "bpmHost": "http://{hostname}:9090",
    "application": {
        "name": "Alfresco Process Workspace"
    },

    "pagination": {
        "size": 25,
        "supportedPageSizes": [ 5, 10, 15, 20, 25, 30, 35, 40, 45, 50 ]
    },

    "path-logo-old": "./assets/alfresco_apps_logo.png",
    "path-logo": "/resources/images/wf-logo.png",
    "locale":"en",
    "languages": [
        {
            "key": "en",
            "label": "English"
        },
        {
            "key": "fr",
            "label": "French"
        },
        {
            "key": "de",
            "label": "German"
        },
        {
            "key": "it",
            "label": "Italian"
        },
        {
            "key": "es",
            "label": "Spanish"
        },
        {
            "key": "ja",
            "label": "Japanese"
        },
        {
            "key": "nl",
            "label": "Dutch"
        },
        {
            "key": "pt-BR",
            "label": "Brazilian Portuguese"
        },
        {
            "key": "nb",
            "label": "Norwegian"
        },
        {
            "key": "ru",
            "label": "Russian"
        },
        {
            "key": "zh-CN",
            "label": "Simplified Chinese"
        }
    ],
    "sidebarBreakpoints": [
        {
            "breakpoints": [
                "xs",
                "sm"
            ],
            "mode": "over",
            "position": "start",
            "showMini": false,
            "isHeaderInside": false
        },
        {
            "breakpoints": [
                "md",
                "lg",
                "xl"
            ],
            "mode": "side",
            "position": "start",
            "showMini": true,
            "isHeaderInside": true
        }
    ],
    "adf-start-process": {
        "name": "",
        "processDefinitionName": ""
    },
    "adf-task-list": {
        "presets": {
            "dw-task-list": [
                {
                    "key": "name",
                    "type": "text",
                    "title": "ADF_TASK_LIST.PROPERTIES.NAME",
                    "cssClass": "dw-dt-col-4 ellipsis-cell",
                    "sortable": true
                },
                {
                    "key": "created",
                    "type": "date",
                    "title": "ADF_TASK_LIST.PROPERTIES.CREATED",
                    "cssClass": "dw-dt-col-4 ellipsis-cell",
                    "format": "timeAgo",
                    "sortable": true
                },
                {
                    "key": "dueDate",
                    "type": "date",
                    "title": "ADF_TASK_LIST.PROPERTIES.DUE_DATE",
                    "cssClass": "dw-dt-col-4 ellipsis-cell",
                    "format": "timeAgo",
                    "sortable": true
                },
                {
                    "key": "duration",
                    "type": "text",
                    "title": "Duration",
                    "cssClass": "dw-dt-col-4 ellipsis-cell",
                    "format": "timeAgo",
                    "sortable": true
                },
                {
                    "key": "priority",
                    "type": "text",
                    "title": "ADF_TASK_LIST.PROPERTIES.PRIORITY",
                    "cssClass": "desktop-only dw-dt-col-3 ellipsis-cell",
                    "sortable": true
                },
                {
                    "key": "category",
                    "type": "text",
                    "title": "Category",
                    "cssClass": "desktop-only dw-dt-col-3 ellipsis-cell",
                    "sortable": true
                }
            ],
            "dw-process-task-list": [
                {
                    "key": "name",
                    "type": "text",
                    "title": "ADF_TASK_LIST.PROPERTIES.TASK_NAME",
                    "cssClass": "ellipsis-cell",
                    "sortable": true
                },
                {
                    "key": "dueDate",
                    "type": "date",
                    "title": "ADF_TASK_LIST.PROPERTIES.DUE_DATE",
                    "cssClass": "desktop-only dw-dt-col-4 ellipsis-cell",
                    "format": "timeAgo",
                    "sortable": true
                },
                {
                    "key": "processDefinitionName",
                    "type": "text",
                    "title": "ADF_PROCESS_LIST.PROPERTIES.PROCESS_NAME",
                    "cssClass": "desktop-only ellipsis-cell",
                    "sortable": true
                }
            ]
        }
    },
    "adf-process-list": {
        "presets": {
            "running": [
                {
                    "key": "name",
                    "type": "text",
                    "title": "ADF_PROCESS_LIST.PROPERTIES.NAME",
                    "cssClass": "dw-dt-col-4 ellipsis-cell",
                    "sortable": true
                },
                {
                    "key": "started",
                    "type": "date",
                    "title": "ADF_PROCESS_LIST.PROPERTIES.CREATED",
                    "cssClass": "dw-dt-col-2 ellipsis-cell",
                    "format": "timeAgo",
                    "sortable": true
                },
                {
                    "key": "processDefinitionCategory",
                    "type": "text",
                    "title": "ADF_PROCESS_LIST.PROPERTIES.CATEGORY",
                    "cssClass": "desktop-only dw-dt-col-2 ellipsis-cell",
                    "sortable": true
                }
            ],
            "completed": [
                {
                    "key": "name",
                    "type": "text",
                    "title": "ADF_PROCESS_LIST.PROPERTIES.NAME",
                    "cssClass": "",
                    "sortable": true
                },
                {
                    "key": "started",
                    "type": "date",
                    "title": "ADF_PROCESS_LIST.PROPERTIES.CREATED",
                    "cssClass": "dw-dt-col-2 ellipsis-cell",
                    "format": "timeAgo",
                    "sortable": true
                },
                {
                    "key": "ended",
                    "type": "date",
                    "title": "ADF_PROCESS_LIST.PROPERTIES.END_DATE",
                    "cssClass": "desktop-only dw-dt-col-2 ellipsis-cell",
                    "sortable": true
                }
            ]
        }
    },
    "adf-login": {
        "copyrightText" : "\u00A9 2018 Alfresco Software, Inc. All Rights Reserved.",
        "providers": "ALL"
    },
    "caseRootNodeId" : "163a8c2f-d591-465b-998f-52e8ce247c10",
    "caseFolderTemplateId": "92b21dc1-954b-4a55-ad4a-6a4dc6fcbc19",
    "rootRecordCategoryId": "c7330c0e-22bc-4437-badd-657626318f4b",
    "cddAppId": "2002",
    "irtAppId": "2003",
    "CDDMyTasks" : "10",
    "CDDAssistant" : "9",
    "CDDExecutive" : "5",
    "CDDCompletedTasks" : "11",
    "Telephony" : "12",
    "QC" : "13",
    "forms" : {
        "KYC" : "2008"
    }
}
